{
  "width": 500,
  "length": 10000,
  "elevation": 500,
  "sinuosity": [
    [
      0,
      0
    ],
    [
      1987.1519242209952,
      -102.54259807307542
    ],
    [
      7015.086908450072,
      94.51078089272104
    ],
    [
      10000,
      0
    ]
  ],
  "slope": [
    [
      0,
      500
    ],
    [
      1761.6243910515445,
      293.1242779987614
    ],
    [
      6603.830622530532,
      31.32480528296494
    ],
    [
      10000,
      0
    ]
  ]
}