{
  "width": 500,
  "length": 10000,
  "elevation": 500,
  "sinuosity": [
    [
      0,
      0
    ],
    [
      2964.705882352941,
      -467.0731707317073
    ],
    [
      6600,
      452.43902439024384
    ],
    [
      10000,
      0
    ]
  ],
  "slope": [
    [
      0,
      500
    ],
    [
      3333.333333333333,
      333.33333333333337
    ],
    [
      6666.666666666666,
      166.66666666666669
    ],
    [
      10000,
      0
    ]
  ]
}