{
  "width": 500,
  "length": 10000,
  "elevation": 500,
  "sinuosity": [
    [
      0,
      0
    ],
    [
      6666.666666666666,
      0
    ],
    [
      13333.333333333332,
      0
    ],
    [
      20000,
      0
    ]
  ],
  "slope": [
    [
      0,
      299.7967231564405
    ],
    [
      4282.35294117647,
      90.04062559546492
    ],
    [
      10964.70588235294,
      7.113796327172224
    ],
    [
      20000,
      0
    ]
  ]
}