{
  "width": 500,
  "length": 20000,
  "elevation": 500,
  "sinuosity": [
    [
      0,
      0
    ],
    [
      3318.1818181818185,
      277.3809523809524
    ],
    [
      7431.818181818182,
      -334.5238095238095
    ],
    [
      8863.636363636364,
      101.19047619047615
    ],
    [
      13318.181818181818,
      165.47619047619048
    ],
    [
      15659.09090909091,
      -365.4761904761905
    ],
    [
      17250,
      29.76190476190476
    ],
    [
      20000,
      -41.66666666666663
    ]
  ],
  "slope": [
    [
      0,
      500
    ],
    [
      4590.909090909091,
      186.3095238095238
    ],
    [
      12227.272727272726,
      72.02380952380952
    ],
    [
      20000,
      0
    ]
  ]
}