{
  "width": 1000,
  "length": 20000,
  "elevation": 300,
  "sinuosity": [
    [
      0,
      0
    ],
    [
      6564.705882352941,
      355.2845280344893
    ],
    [
      13482.35294117647,
      -352.032470703125
    ],
    [
      20000,
      0
    ]
  ],
  "slope": [
    [
      0,
      300
    ],
    [
      6666.666666666666,
      200
    ],
    [
      13333.333333333332,
      100
    ],
    [
      20000,
      0
    ]
  ]
}