{
  "width": 500,
  "length": 10000,
  "elevation": 500,
  "sinuosity": [
    [
      0,
      0
    ],
    [
      858.8235294117646,
      435.3658536585366
    ],
    [
      2729.4117647058824,
      135.3658536585366
    ],
    [
      7800,
      -193.90243902439022
    ],
    [
      10000,
      0
    ]
  ],
  "slope": [
    [
      0,
      500
    ],
    [
      600,
      359.1463414634146
    ],
    [
      2847.058823529412,
      170.1219512195122
    ],
    [
      7188.235294117648,
      288.4146341463414
    ],
    [
      10000,
      0
    ]
  ]
}